{
  "anchors": [
    1.81,
    2.44,
    1.25,
    2.06,
    1.53,
    1.66,
    1.75,
    2.03,
    0.78,
    2.28
  ],
  "inputs": {
    "input0": [
      224,
      224,
      3
    ]
  },
  "outputs": {
    "output0": [
      7,
      7,
      45
    ]
  },
  "params_quantity": 1867581,
  "loss": [
    [
      1,
      1.24297
    ],
    [
      2,
      0.53906
    ],
    [
      3,
      0.3154
    ],
    [
      4,
      0.23656
    ],
    [
      5,
      0.20046
    ],
    [
      6,
      0.3874
    ],
    [
      7,
      0.2017
    ],
    [
      8,
      0.15834
    ],
    [
      9,
      0.1301
    ],
    [
      10,
      0.11414
    ],
    [
      11,
      0.1121
    ],
    [
      12,
      0.10171
    ],
    [
      13,
      0.09537
    ],
    [
      14,
      0.0876
    ],
    [
      15,
      0.08061
    ],
    [
      16,
      0.08052
    ],
    [
      17,
      0.07967
    ],
    [
      18,
      0.073
    ],
    [
      19,
      0.07152
    ],
    [
      20,
      0.07171
    ],
    [
      21,
      0.07681
    ],
    [
      22,
      0.07603
    ],
    [
      23,
      0.07059
    ],
    [
      24,
      0.06977
    ],
    [
      25,
      0.06712
    ],
    [
      26,
      0.06858
    ],
    [
      27,
      0.06783
    ],
    [
      28,
      0.06833
    ],
    [
      29,
      0.06574
    ],
    [
      30,
      0.06497
    ],
    [
      31,
      0.0665
    ],
    [
      32,
      0.06705
    ],
    [
      33,
      0.06375
    ],
    [
      34,
      0.06343
    ],
    [
      35,
      0.06338
    ],
    [
      36,
      0.06455
    ],
    [
      37,
      0.06211
    ],
    [
      38,
      0.06111
    ],
    [
      39,
      0.06215
    ],
    [
      40,
      0.06213
    ],
    [
      41,
      0.06069
    ],
    [
      42,
      0.06178
    ],
    [
      43,
      0.06001
    ],
    [
      44,
      0.05953
    ],
    [
      45,
      0.0586
    ],
    [
      46,
      0.05592
    ],
    [
      47,
      0.05814
    ],
    [
      48,
      0.05642
    ],
    [
      49,
      0.05947
    ],
    [
      50,
      0.06635
    ],
    [
      51,
      0.05964
    ],
    [
      52,
      0.05943
    ],
    [
      53,
      0.061
    ],
    [
      54,
      0.05861
    ],
    [
      55,
      0.05664
    ],
    [
      56,
      0.05694
    ],
    [
      57,
      0.05858
    ],
    [
      58,
      0.05739
    ],
    [
      59,
      0.05589
    ],
    [
      60,
      0.05552
    ],
    [
      61,
      0.05514
    ],
    [
      62,
      0.05289
    ],
    [
      63,
      0.05359
    ],
    [
      64,
      0.05445
    ],
    [
      65,
      0.05529
    ],
    [
      66,
      0.05498
    ],
    [
      67,
      0.05283
    ],
    [
      68,
      0.05358
    ],
    [
      69,
      0.05322
    ],
    [
      70,
      0.05438
    ],
    [
      71,
      0.0534
    ],
    [
      72,
      0.05358
    ],
    [
      73,
      0.05349
    ],
    [
      74,
      0.05306
    ],
    [
      75,
      0.0515
    ],
    [
      76,
      0.05261
    ],
    [
      77,
      0.0522
    ],
    [
      78,
      0.05352
    ],
    [
      79,
      0.05109
    ],
    [
      80,
      0.0532
    ],
    [
      81,
      0.05355
    ],
    [
      82,
      0.0547
    ],
    [
      83,
      0.05363
    ],
    [
      84,
      0.05227
    ],
    [
      85,
      0.05261
    ],
    [
      86,
      0.05371
    ],
    [
      87,
      0.05135
    ],
    [
      88,
      0.05402
    ],
    [
      89,
      0.05161
    ],
    [
      90,
      0.05371
    ],
    [
      91,
      0.05161
    ],
    [
      92,
      0.05331
    ],
    [
      93,
      0.05284
    ],
    [
      94,
      0.05309
    ],
    [
      95,
      0.05313
    ],
    [
      96,
      0.05085
    ],
    [
      97,
      0.05214
    ],
    [
      98,
      0.05148
    ],
    [
      99,
      0.05119
    ],
    [
      100,
      0.05172
    ],
    [
      101,
      0.05171
    ],
    [
      102,
      0.05153
    ],
    [
      103,
      0.05191
    ],
    [
      104,
      0.05289
    ],
    [
      105,
      0.05214
    ],
    [
      106,
      0.05103
    ],
    [
      107,
      0.05243
    ],
    [
      108,
      0.05193
    ],
    [
      109,
      0.05058
    ],
    [
      110,
      0.05216
    ],
    [
      111,
      0.05099
    ],
    [
      112,
      0.05056
    ],
    [
      113,
      0.04987
    ],
    [
      114,
      0.05105
    ],
    [
      115,
      0.05151
    ],
    [
      116,
      0.05112
    ],
    [
      117,
      0.05097
    ],
    [
      118,
      0.05146
    ],
    [
      119,
      0.05175
    ],
    [
      120,
      0.05098
    ]
  ],